Data,Shaming
Non au non il sont tous moch*,body shaming
Toi bien moche et bien gros,body shaming
ü§®üòÇpq ? Belle guenon ü§£,body shaming
Regarde la t√™te d‚Äôisaac,body shaming
T moche,body shaming
J‚Äôavoue toi ta t√™te triangulaire et Rafael,body shaming
T√™te triangulaire ü§Æü§¢üñï,body shaming
T√™te triangulaire,body shaming
Elle est moche lana en plus,body shaming
Ton fr√®re y'a un gros cr√¢ne,body shaming
Ta un cr√¢ne bien triangulaire donc parle pas,body shaming
Bas tu les exposer tu veux que je dise que maxence et sofia sont beau,body shaming
C‚Äôest tr√®s tr√®s tr√®s tr√®s moche,body shaming
Il est degeulasse mon bronzage,body shaming
C moche,body shaming
Il a dis que Jss moche mdrrrr,body shaming
Jte jure j‚Äôai une tete horrible je pense,body shaming
C trop mocheü•≤,body shaming
Comme moi elle dit que j‚Äôai des gros cheveux et un gros nez,body shaming
  T‚Äôinqui√®te mais je suis tjrs aussi moche mdr üò≠üò≠ü•π,body shaming
Moi je peux dire je suis moche mdr,body shaming
T‚Äôes sur moi je trouve que je suis moche,body shaming
Ta des grands pieds üò® tu fais du combien ü§£ü§£,body shaming
Et tu vois ma s≈ìur et en appel avec saba  Et saba m‚Äôa dit que Sirine avez dit que Jihane parler su son dos qu‚Äôelle √©taitmoche et tout et elle m‚Äôa dit si c‚Äô√©tait vrai et je lui et dit que tout √©taitfaux et qu‚Äôelle avait inventer,body shaming
Oui mes comment tu fais pour que les autre t aime bien je suis moche ma tenuses moche,body shaming
Elle est tr√®s moche enfaite,body shaming
Par contre ma t√™te a la fin de la vid√©o elle √©tait horrible,body shaming
Toi t‚Äôes large,body shaming
Je suis l√† juste tu me cache avec ta graisse,body shaming
Toi bien moche et bien gros,body shaming
Tg le kfc sur pates,body shaming
Tg gros üêñ,body shaming
Les deux gros ensemble,body shaming
Il peut faire un groupe tout seule il serait quand m√™me √† plusieurs,body shaming
Chu la pote d‚Äôune fille une t‚Äôa vue a la PATININOIRE!!! Grosse info,body shaming
gros,body shaming
Ta des grands pieds üò® tu fais du combien ü§£ü§£,body shaming
Et apr√®s on dit quand on mange trop que on est gros,body shaming
C toi qui a dit √† Zakariya que moi et lui badboute,body shaming
A excuse nous maintenant c moi la vicieuse et vas-y va la bas dans l‚Äôhistoirec toi tu te tape la honte comme tu aime dire tout les jour au gens et t‚Äôes l√†plus GROSSE DES VICIEUSE que je conna√Æt,body shaming
"Je pense qu‚Äôon etait ptet pas fait pour etre ensemble j‚Äôesp√®re que tutrouveras mieux un femme moins conne qui t‚Äôaime plus qu‚Äôune grosse conne commemoi une femme qui se sens mieux dans sa peau que moi et qui de pose moin deprobl√®me, qui te fais pas pleurer",body shaming
Je suis qu‚Äôune grosse connasse de merde,body shaming
Il a explos√© comme ta coupe Alix,body shaming
Avec sa coupe faite chez la famille,body shaming
Regarde la t√™te d‚Äôisaac,body shaming
Dit au demi portion qu‚Äôil sont petit,body shaming
"J‚Äôabuse pas , t malade toi , tu fait un pas tu traverse la moiti√© de laplan√®te",body shaming
Sale nain de jardin,body shaming
commentaire tes explications sont bonnes mais pourraient gagner davantage enpra cision notamment sur ce ains a la ments tu me parles tra s bien de teschoix et de la raison de leur pra sence pour les a la ments cita s en revanche parle moi des autres aussi le fait que tu as repra senta le territoiremarocain dans la forme du pays les couleurs utilisa es etc sur la productionen elle ma me cela est tra s bien pensa je mettrais juste un ba mol surl arria re plan qui fait tra s vide il aurait par exemple fallu agrandir lepays ou remplir d une mania re ou d une autre le fond,not body shaming
salut sa va ,not body shaming
att ja essaye,not body shaming
voila tu est contente a demain mv,not body shaming
pour me dire,not body shaming
ra fla chir en utilisant les documents proposa s noter les ra flexions sur lecahier,not body shaming
la semaine prochaine je me des inscrits,not body shaming
oui stv,not body shaming
ohio ohio ohio ohio ohio ohio ohio ohio ohio ohio ohio ohio ohio ohio ohioohio ohio ohio ohio ohio ohio ohio ohio ohio ohio ohio ohio ohio ohio ohioohio ohio ohio ohio ohio ohio ohio ohio ohio ohio ohio ohio ohio ohio ohioohio ohio ohio ohio ohio ohio ohio ohio ohio ohio ohio ohio ohio ohio ohioohio ohio ohio ohio ohio ohio ohio ohio ohio ohio ohio ohio ohio ohio ohioohio ohio ohio ohio ohio ohio ohio ohio ohio ohio ohio ohio ohio ohio ohioohio ohio ohio ohio ohio ohio ohio ohio ohio ohio ohio ohio ohio ohio ohioohio ohio ohio ohio ohio ohio ohio ohio ohio ohio ohio ohio ohio ohio ohioohio ohio ohio ohio ohio ohio ohio ohio ohio ohio ohio ohio ohio ohio ohioohio ohio ohio ohio ohio ohio ohio ohio ohio ohio ohio ohio ohio ohio ohioohio ohio ohio ohio ohio ohio ohio ohio ohio ohio ohio ohio ohio ohio ohioohio ohio ohio ohio ohio ohio ohio ohio ohio ohio ohio ohio ohio ohio ohioohio ohio ohio ohio ohio ohio ohio ohio ohio ohio ohio ohio ohio ohio ohioohio ohio ohio ohio ohio ohio ohio ohio ohio ohio ohio ohio ohio ohio ohioohio ohio ohio ohio ohio ohio ohio ohio ohio ohio ohio ohio ohio ohio ohioohio ohio ohio ohio ohio ohio ohio ohio ohio ohio ohio ohio ohio ohio ohioohio ohio ohio ohio ohio ohio ohio ohio ohio ohio ohio ohio ohio ohio ohioohio ohio ohio ohio ohio ohio ohio ohio ohio ohio ohio ohio ohio ohio ohioohio ohio ohio ohio ohio ohio ohio ohio ohio ohio ohio ohio ohio ohio ohioohio ohio ohio ohio ohio ohio ohio ohio ohio ohio ohio ohio ohio ohio ohioohio ohio ohio ohio ohio ohio ohio ohio ohio ohio ohio ohio ohio ohio ohioohio ohio ohio ohio ohio ohio ohio ohio ohio ohio ohio ohio ohio ohio ohioohio ohio ohio ohio ohio ohio ohio ohio ohio ohio ohio ohio ohio ohio ohioohio ohio ohio ohio ohio ohio ohio ohio ohio ohio ohio ohio ohio ohio ohioohio ohio ohio ohio ohio ohio ohio ohio ohio ohio ohio ohio ohio ohio ohioohio ohio ohio ohio ohio ohio ohio ohio ohio ohio ohio ohio ohio ohio ohioohio ohio ohio ohio ohio ohio ohio ohio ohio ohio ohio ohio ohio ohio ohioohio ohio ohio ohio ohio ohio ohio ohio ohio ohio ohio ohio ohio ohio ohioohio ohio ohio ohio ohio ohio ohio ohio ohio ohio ohio ohio ohio ohio ohioohio ohio ohio ohio ohio ohio ohio ohio ohio ohio ohio ohio ohio ohio ohioohio ohio ohio ohio ohio ohio ohio ohio ohio ohio ohio ohio ohio ohio ohioohio ohio ohio ohio ohio ohio ohio ohio ohio ohio ohio ohio ohio ohio ohioohio ohio ohio ohio ohio ohio ohio ohio ohio ohio ohio ohio ohio ohio ohioohio ohio ohio ohio ohio ohio ohio ohio ohio ohio ohio ohio ohio ohio ohioohio ohio ohio ohio ohio ohio ohio ohio ohio ohio ohio ohio ohio ohio ohioohio ohio ohio ohio ohio ohio ohio ohio ohio ohio ohio ohio ohio ohio ohioohio ohio ohio ohio ohio ohio ohio ohio ohio ohio ohio ohio ohio ohio ohioohio ohio ohio ohio ohio ohio ohio ohio ohio ohio ohio ohio ohio ohio ohioohio ohio ohio ohio ohio ohio ohio ohio ohio ohio ohio ohio ohio ohio ohioohio ohio ohio ohio ohio ohio ohio ohio ohio ohio ohio ohio ohio ohio ohioohio ohio ohio ohio ohio ohio ohio ohio ohio ohio ohio ohio ohio ohio ohioohio ohio ohio ohio ohio ohio ohio ohio ohio ohio ohio ohio ohio ohio ohioohio ohio ohio ohio ohio ohio ohio ohio ohio ohio ohio ohio ohio ohio ohioohio ohio ohio ohio ohio ohio ohio ohio ohio ohio ohio ohio ohio ohio ohioohio ohio ohio ohio ohio ohio ohio ohio ohio ohio ohio ohio ohio ohio ohioohio ohio ohio ohio ohio ohio ohio ohio ohio ohio ohio ohio ohio ohio ohioohio ohio ohio ohio ohio ohio ohio ohio ohio ohio ohio ohio ohio ohio ohioohio ohio ohio ohio ohio ohio ohio ohio ohio ohio ohio ohio ohio ohio ohioohio ohio ohio ohio ohio ohio ohio ohio ohio ohio ohio ohio ohio ohio ohioohio ohio ohio ohio ohio ohio ohio ohio ohio ohio ohio ohio ohio ohio ohioohio ohio ohio ohio ohio ohio ohio ohio ohio ohio ohio ohio ohio ohio ohioohio ohio ohio ohio ohio ohio ohio ohio ohio ohio ohio ohio ohio ohio ohioohio ohio ohio ohio ohio ohio ohio ohio ohio ohio ohio ohio ohio ohio ohioohio ohio ohio ohio ohio ohio ohio ohio ohio ohio ohio ohio ohio ohio ohioohio ohio ohio ohio ohio ohio ohio ohio ohio ohio ohio ohio ohio ohio ohioohio ohio ohio ohio ohio ohio ohio ohio ohio ohio ohio ohio ohio ohio ohioohio ohio ohio ohio ohio ohio ohio ohio ohio ohio ohio ohio ohio ohio ohioohio ohio ohio ohio ohio ohio ohio ohio ohio ohio ohio ohio ohio ohio ohioohio ohio ohio ohio ohio ohio ohio ohio ohio ohio ohio ohio ohio ohio ohioohio ohio ohio ohio ohio ohio ohio ohio ohio ohio ohio ohio ohio ohio ohioohio ohio ohio ohio ohio ohio ohio ohio ohio ohio ohio ohio ohio ohio ohioohio ohio ohio ohio ohio ohio ohio ohio ohio ohio ohio ohio ohio ohio ohioohio ohio ohio ohio ohio ohio ohio ohio ohio ohio ohio ohio ohio ohio ohioohio ohio ohio ohio ohio ohio ohio ohio ohio ohio ohio ohio ohio ohio ohioohio ohio ohio ohio ohio ohio ohio ohio ohio ohio ohio ohio ohio ohio ohioohio ohio ohio ohio ohio ohio ohio ohio ohio ohio ohio ohio ohio ohio ohioohio ohio ohio ohio ohio ohio ohio ohio ohio ohio ohio ohio ohio ohio ohioohio ohio ohio ohio ohio ohio ohio ohio ohio ohio ohio ohio ohio ohio ohioohio ohio ohio ohio ohio ohio ohio ohio ohio ohio ohio ohio ohio ohio ohioohio ohio ohio ohio ohio ohio ohio ohio ohio ohio ohio ohio ohio ohio ohioohio ohio ohio ohio ohio ohio ohio ohio ohio ohio ohio ohio ohio ohio ohioohio ohio ohio ohio ohio ohio ohio ohio ohio ohio ohio ohio ohio ohio ohioohio ohio ohio ohio ohio ohio ohio ohio ohio ohio ohio ohio ohio ohio ohioohio ohio ohio ohio ohio ohio ohio ohio ohio ohio ohio ohio ohio ohio ohioohio ohio ohio ohio ohio ohio ohio ohio ohio ohio ohio ohio ohio ohio ohioohio ohio ohio ohio ohio ohio ohio ohio ohio ohio ohio ohio ohio ohio ohioohio ohio ohio ohio ohio ohio ohio ohio ohio ohio ohio ohio ohio ohio ohioohio ohio ohio ohio ohio ohio ohio ohio ohio ohio ohio ohio ohio ohio ohioohio ohio ohio ohio ohio ohio ohio ohio ohio ohio ohio ohio ohio ohio ohioohio ohio ohio ohio ohio ohio ohio ohio ohio ohio ohio ohio ohio ohio ohioohio ohio ohio ohio ohio ohio ohio ohio ohio ohio ohio ohio ohio ohio ohioohio ohio ohio ohio ohio ohio ohio ohio ohio ohio ohio ohio ohio ohio ohioohio ohio ohio ohio ohio ohio ohio ohio ohio ohio ohio ohio ohio ohio ohioohio ohio ohio ohio ohio ohio ohio ohio ohio ohio ohio ohio ohio ohio ohioohio ohio ohio ohio ohio ohio ohio ohio ohio ohio ohio ohio ohio ohio ohioohio ohio ohio ohio ohio ohio ohio ohio ohio ohio ohio ohio ohio ohio ohioohio ohio ohio ohio ohio ohio ohio ohio ohio ohio ohio ohio ohio ohio ohioohio ohio ohio ohio ohio ohio ohio ohio ohio ohio ohio ohio ohio ohio ohioohio ohio ohio ohio ohio ohio ohio ohio ohio ohio ohio ohio ohio ohio ohioohio ohio ohio ohio ohio ohio ohio ohio ohio ohio ohio ohio ohio ohio ohioohio ohio ohio ohio ohio ohio ohio ohio ohio ohio ohio ohio ohio ohio ohioohio ohio ohio ohio ohio ohio ohio ohio ohio ohio ohio ohio ohio ohio ohioohio ohio ohio ohio ohio ohio ohio ohio ohio ohio ohio ohio ohio ohio ohioohio ohio ohio ohio ohio ohio ohio ohio ohio ohio ohio ohio ohio ohio ohioohio ohio ohio ohio ohio ohio ohio ohio ohio ohio ohio ohio ohio ohio ohioohio ohio ohio ohio ohio ohio ohio ohio ohio ohio ohio ohio ohio ohio ohioohio ohio ohio ohio ohio ohio ohio ohio ohio ohio ohio ohio ohio ohio ohioohio ohio ohio ohio ohio ohio ohio ohio ohio ohio ohio ohio ohio ohio ohioohio ohio ohio ohio ohio ohio ohio ohio ohio ohio ohio ohio ohio ohio ohioohio ohio ohio ohio ohio ohio ohio ohio ohio ohio ohio ohio ohio ohio ohioohio ohio ohio ohio ohio ohio ohio ohio ohio ohio ohio ohio ohio ohio ohioohio ohio ohio ohio ohio ohio ohio ohio ohio ohio ohio ohio ohio ohio ohioohio ohio ohio ohio ohio ohio ohio ohio ohio ohio ohio ohio ohio ohio ohioohio ohio ohio ohio ohio ohio ohio ohio ohio ohio ohio ohio ohio ohio ohioohio ohio ohio ohio ohio ohio ohio ohio ohio ohio ohio ohio ohio ohio ohioohio ohio ohio ohio ohio ohio ohio ohio ohio ohio ohio ohio ohio ohio ohioohio ohio ohio ohio ohio ohio ohio ohio ohio ohio ohio ohio ohio ohio ohioohio ohio ohio ohio ohio ohio ohio ohio ohio ohio ohio ohio ohio ohio ohioohio ohio ohio ohio ohio ohio ohio ohio ohio ohio ohio ohio ohio ohio ohioohio ohio ohio ohio ohio ohio ohio ohio ohio ohio ohio ohio ohio ohio ohioohio ohio ohio ohio ohio ohio ohio ohio ohio ohio ohio ohio ohio ohio ohioohio ohio ohio ohio ohio ohio ohio ohio ohio ohio ohio ohio ohio ohio ohioohio ohio ohio ohio ohio ohio ohio ohio ohio ohio ohio ohio ohio ohio ohioohio ohio ohio ohio ohio ohio ohio ohio ohio ohio ohio ohio ohio ohio ohioohio ohio ohio ohio ohio ohio ohio ohio ohio ohio ohio ohio ohio ohio ohioohio ohio ohio ohio ohio ohio ohio ohio ohio ohio ohio ohio ohio ohio ohioohio ohio ohio ohio ohio ohio ohio ohio ohio ohio ohio ohio ohio ohio ohioohio ohio ohio ohio ohio ohio ohio ohio ohio ohio ohio ohio ohio ohio ohioohio ohio ohio ohio ohio ohio ohio ohio ohio ohio ohio ohio ohio ohio ohioohio ohio ohio ohio ohio ohio ohio ohio ohio ohio ohio ohio ohio ohio ohioohio ohio ohio ohio ohio ohio ohio ohio ohio ohio ohio ohio ohio ohio ohioohio ohio ohio ohio ohio ohio ohio ohio ohio ohio ohio ohio ohio ohio ohioohio ohio ohio ohio ohio ohio ohio ohio ohio ohio ohio ohio ohio ohio ohioohio ohio ohio ohio ohio ohio ohio ohio ohio ohio ohio ohio ohio ohio ohioohio ohio ohio ohio ohio ohio ohio ohio ohio ohio ohio ohio ohio ohio ohioohio ohio ohio ohio ohio ohio ohio ohio ohio ohio ohio ohio ohio ohio ohioohio ohio ohio ohio ohio ohio ohio ohio ohio ohio ohio ohio ohio ohio ohioohio ohio ohio ohio ohio ohio ohio ohio ohio ohio ohio ohio ohio ohio ohioohio ohio ohio ohio ohio ohio ohio ohio ohio ohio ohio ohio ohio ohio ohioohio ohio ohio ohio ohio ohio ohio ohio ohio ohio ohio ohio ohio ohio ohioohio ohio ohio ohio ohio ohio ohio ohio ohio ohio ohio ohio ohio ohio ohioohio ohio ohio ohio ohio ohio ohio ohio ohio ohio ohio ohio ohio ohio ohioohio ohio ohio ohio ohio ohio ohio ohio ohio ohio ohio ohio ohio ohio ohioohio ohio ohio ohio ohio ohio ohio ohio ohio ohio ohio ohio ohio ohio ohioohio ohio ohio ohio ohio ohio ohio ohio ohio ohio ohio ohio ohio ohio ohioohio ohio ohio ohio ohio ohio ohio ohio ohio ohio ohio ohio ohio ohio ohioohio ohio ohio ohio ohio ohio ohio ohio ohio ohio ohio ohio ohio ohio ohioohio ohio ohio ohio ohio ohio ohio ohio ohio ohio ohio ohio ohio ohio ohioohio ohio ohio ohio ohio ohio ohio ohio ohio ohio ohio ohio ohio ohio ohioohio ohio ohio ohio ohio ohio ohio ohio ohio ohio ohio ohio ohio ohio ohioohio ohio ohio ohio ohio ohio ohio ohio ohio ohio ohio ohio ohio ohio ohioohio ohio ohio ohio ohio ohio ohio ohio ohio ohio ohio ohio ohio ohio ohioohio ohio ohio ohio ohio ohio ohio ohio ohio ohio ohio ohio ohio ohio ohioohio ohio ohio ohio ohio ohio ohio ohio ohio ohio ohio ohio ohio ohio ohioohio ohio ohio ohio ohio ohio ohio ohio ohio ohio ohio ohio ohio ohio ohioohio ohio ohio ohio ohio ohio ohio ohio ohio ohio ohio ohio ohio ohio ohioohio ohio ohio ohio ohio ohio ohio ohio ohio ohio ohio ohio ohio ohio ohioohio ohio ohio ohio ohio ohio ohio ohio ohio ohio ohio ohio ohio ohio ohioohio ohio ohio ohio ohio ohio ohio ohio ohio ohio ohio ohio ohio ohio ohioohio ohio ohio ohio ohio ohio ohio ohio ohio ohio ohio ohio ohio ohio ohioohio ohio ohio ohio ohio ohio ohio ohio ohio ohio ohio ohio ohio ohio ohioohio ohio ohio ohio ohio ohio ohio ohio ohio ohio ohio ohio ohio ohio ohioohio ohio ohio ohio ohio ohio ohio ohio ohio ohio ohio ohio ohio ohio ohioohio ohio ohio ohio ohio ohio ohio ohio ohio ohio ohio ohio ohio ohio ohioohio ohio ohio ohio ohio ohio ohio ohio ohio ohio ohio ohio ohio ohio ohioohio ohio ohio ohio ohio ohio ohio ohio ohio ohio ohio ohio ohio ohio ohioohio ohio ohio ohio ohio ohio ohio ohio ohio ohio ohio ohio ohio ohio ohioohio ohio ohio ohio ohio ohio ohio ohio ohio ohio ohio ohio ohio ohio ohioohio ohio ohio ohio ohio ohio ohio ohio ohio ohio ohio ohio ohio ohio ohioohio ohio ohio ohio ohio ohio ohio ohio ohio ohio ohio ohio ohio ohio ohioohio ohio ohio ohio ohio ohio ohio ohio ohio ohio ohio ohio ohio ohio ohioohio ohio ohio ohio ohio ohio ohio ohio ohio ohio ohio ohio ohio ohio ohioohio ohio ohio ohio ohio ohio ohio ohio ohio ohio ohio ohio ohio ohio ohioohio ohio ohio ohio ohio ohio ohio ohio ohio ohio ohio ohio ohio ohio ohioohio ohio ohio ohio ohio ohio ohio ohio ohio ohio ohio ohio ohio ohio ohioohio ohio ohio ohio ohio ohio ohio ohio ohio ohio ohio ohio ohio ohio ohioohio ohio ohio ohio ohio ohio ohio ohio ohio ohio ohio ohio ohio ohio ohioohio ohio ohio ohio ohio ohio ohio ohio ohio ohio ohio ohio ohio ohio ohioohio ohio ohio ohio ohio ohio ohio ohio ohio ohio ohio ohio ohio ohio ohioohio ohio ohio ohio ohio ohio ohio ohio ohio ohio ohio ohio ohio ohio ohioohio ohio ohio ohio ohio ohio ohio ohio ohio ohio ohio ohio ohio ohio ohioohio ohio ohio ohio ohio ohio ohio ohio ohio ohio ohio ohio ohio ohio ohioohio ohio ohio ohio ohio ohio ohio ohio ohio ohio ohio ohio ohio ohio ohioohio ohio ohio ohio ohio ohio ohio ohio ohio ohio ohio ohio ohio ohio ohioohio ohio ohio ohio ohio ohio ohio ohio ohio ohio ohio ohio ohio ohio ohioohio ohio ohio ohio ohio ohio ohio ohio ohio ohio ohio ohio ohio ohio ohioohio ohio ohio ohio ohio ohio ohio ohio ohio ohio ohio ohio ohio ohio ohioohio ohio ohio ohio ohio ohio ohio ohio ohio ohio ohio ohio ohio ohio ohioohio ohio ohio ohio ohio ohio ohio ohio ohio ohio ohio ohio ohio ohio ohioohio ohio ohio ohio ohio ohio ohio ohio ohio ohio ohio ohio ohio ohio ohioohio ohio ohio ohio ohio ohio ohio ohio ohio ohio ohio ohio ohio ohio ohioohio ohio ohio ohio ohio ohio ohio ohio ohio ohio ohio ohio ohio ohio ohioohio ohio ohio ohio ohio ohio,not body shaming
bonjour sirine je pense que si ton professeur ne te ra pond pas ca est qua il y a une raison ce genre da action est irrespectueuse su out quand ton travail a a ta rendu enretard a la avenir ta che da a tre plus patiente bien a toi mme richa ,not body shaming
bonjour monsieur albe je vous envoie un message car je ne comprend pas lexercice que vous nous avez donna a faire pour le vendredi dans cetteexercice il nous est demander de ra fla chir a l origine des ra gle devons nousma tre notre ida e par a crit ou juste y ra fla chir cordialement alix heuninck ,not body shaming
ok,not body shaming
merci,not body shaming
 photo a tape photo a tape ,not body shaming
bonjour je ra cupa re a la rentra e,not body shaming
ja ai ra eu une me heure de col ou me,not body shaming
gwendoline remi toi et moi,not body shaming
je vais a bethune du coup je change de colla ge,not body shaming
et ja apprends aussi les maths pour aujourda hui,not body shaming
ca est quoi la fiche a relire pour demain ,not body shaming
pardon je voulais dire kalimat,not body shaming
ohio ohio ohio ohio ohio ohio ohio ohio ohio ohio ohio ohio ohio ohio ohioohio ohio ohio ohio ohio ohio ohio ohio ohio ohio ohio ohio ohio ohio ohioohio ohio ohio ohio ohio ohio ohio ohio ohio ohio ohio ohio ohio ohio ohioohio ohio ohio ohio ohio ohio ohio ohio ohio ohio ohio ohio ohio ohio ohioohio ohio ohio ohio ohio ohio ohio ohio ohio ohio ohio ohio ohio ohio ohioohio ohio ohio ohio ohio ohio ohio ohio ohio ohio ohio ohio ohio ohio ohioohio ohio ohio ohio ohio ohio ohio ohio ohio ohio ohio ohio ohio ohio ohioohio ohio ohio ohio ohio ohio ohio ohio ohio ohio ohio ohio ohio ohio ohioohio ohio ohio ohio ohio ohio ohio ohio ohio ohio ohio ohio ohio ohio ohioohio ohio ohio ohio ohio ohio ohio ohio ohio ohio ohio ohio ohio ohio ohioohio ohio ohio ohio ohio ohio ohio ohio ohio ohio ohio ohio ohio ohio ohioohio ohio ohio ohio ohio ohio ohio ohio ohio ohio ohio ohio ohio ohio ohioohio ohio ohio ohio ohio ohio ohio ohio ohio ohio ohio ohio ohio ohio ohioohio ohio ohio ohio ohio ohio ohio ohio ohio ohio ohio ohio ohio ohio ohioohio ohio ohio ohio ohio ohio ohio ohio ohio ohio ohio ohio ohio ohio ohioohio ohio ohio ohio ohio ohio ohio ohio ohio ohio ohio ohio ohio ohio ohioohio ohio ohio ohio ohio ohio ohio ohio ohio ohio ohio ohio ohio ohio ohioohio ohio ohio ohio ohio ohio ohio ohio ohio ohio ohio ohio ohio ohio ohioohio ohio ohio ohio ohio ohio ohio ohio ohio ohio ohio ohio ohio ohio ohioohio ohio ohio ohio ohio ohio ohio ohio ohio ohio ohio ohio ohio ohio ohioohio ohio ohio ohio ohio ohio ohio ohio ohio ohio ohio ohio ohio ohio ohioohio ohio ohio ohio ohio ohio ohio ohio ohio ohio ohio ohio ohio ohio ohioohio ohio ohio ohio ohio ohio ohio ohio ohio ohio ohio ohio ohio ohio ohioohio ohio ohio ohio ohio ohio ohio ohio ohio ohio ohio ohio ohio ohio ohioohio ohio ohio ohio ohio ohio ohio ohio ohio ohio ohio ohio ohio ohio ohioohio ohio ohio ohio ohio ohio ohio ohio ohio ohio ohio ohio ohio ohio ohioohio ohio ohio ohio ohio ohio ohio ohio ohio ohio ohio ohio ohio ohio ohioohio ohio ohio ohio ohio ohio ohio ohio ohio ohio ohio ohio ohio ohio ohioohio ohio ohio ohio ohio ohio ohio ohio ohio ohio ohio ohio ohio ohio ohioohio ohio ohio ohio ohio ohio ohio ohio ohio ohio ohio ohio ohio ohio ohioohio ohio ohio ohio ohio ohio ohio ohio ohio ohio ohio ohio ohio ohio ohioohio ohio ohio ohio ohio ohio ohio ohio ohio ohio ohio ohio ohio ohio ohioohio ohio ohio ohio ohio ohio ohio ohio ohio ohio ohio ohio ohio ohio ohioohio ohio ohio ohio ohio ohio ohio ohio ohio ohio ohio ohio ohio ohio ohioohio ohio ohio ohio ohio ohio ohio ohio ohio ohio ohio ohio ohio ohio ohioohio ohio ohio ohio ohio ohio ohio ohio ohio ohio ohio ohio ohio ohio ohioohio ohio ohio ohio ohio ohio ohio ohio ohio ohio ohio ohio ohio ohio ohioohio ohio ohio ohio ohio ohio ohio ohio ohio ohio ohio ohio ohio ohio ohioohio ohio ohio ohio ohio ohio ohio ohio ohio ohio ohio ohio ohio ohio ohioohio ohio ohio ohio ohio ohio ohio ohio ohio ohio ohio ohio ohio ohio ohioohio ohio ohio ohio ohio ohio ohio ohio ohio ohio ohio ohio ohio ohio ohioohio ohio ohio ohio ohio ohio ohio ohio ohio ohio ohio ohio ohio ohio ohioohio ohio ohio ohio ohio ohio ohio ohio ohio ohio ohio ohio ohio ohio ohioohio ohio ohio ohio ohio ohio ohio ohio ohio ohio ohio ohio ohio ohio ohioohio ohio ohio ohio ohio ohio ohio ohio ohio ohio ohio ohio ohio ohio ohioohio ohio ohio ohio ohio ohio ohio ohio ohio ohio ohio ohio ohio ohio ohioohio ohio ohio ohio ohio ohio ohio ohio ohio ohio ohio ohio ohio ohio ohioohio ohio ohio ohio ohio ohio ohio ohio ohio ohio ohio ohio ohio ohio ohioohio ohio ohio ohio ohio ohio ohio ohio ohio ohio ohio ohio ohio ohio ohioohio ohio ohio ohio ohio ohio ohio ohio ohio ohio ohio ohio ohio ohio ohioohio ohio ohio ohio ohio ohio ohio ohio ohio ohio ohio ohio ohio ohio ohioohio ohio ohio ohio ohio ohio ohio ohio ohio ohio ohio ohio ohio ohio ohioohio ohio ohio ohio ohio ohio ohio ohio ohio ohio ohio ohio ohio ohio ohioohio ohio ohio ohio ohio ohio ohio ohio ohio ohio ohio ohio ohio ohio ohioohio ohio ohio ohio ohio ohio ohio ohio ohio ohio ohio ohio ohio ohio ohioohio ohio ohio ohio ohio ohio ohio ohio ohio ohio ohio ohio ohio ohio ohioohio ohio ohio ohio ohio ohio ohio ohio ohio ohio ohio ohio ohio ohio ohioohio ohio ohio ohio ohio ohio ohio ohio ohio ohio ohio ohio ohio ohio ohioohio ohio ohio ohio ohio ohio ohio ohio ohio ohio ohio ohio ohio ohio ohioohio ohio ohio ohio ohio ohio ohio ohio ohio ohio ohio ohio ohio ohio ohioohio ohio ohio ohio ohio ohio ohio ohio ohio ohio ohio ohio ohio ohio ohioohio ohio ohio ohio ohio ohio ohio ohio ohio ohio ohio ohio ohio ohio ohioohio ohio ohio ohio ohio ohio ohio ohio ohio ohio ohio ohio ohio ohio ohioohio ohio ohio ohio ohio ohio ohio ohio ohio ohio ohio ohio ohio ohio ohioohio ohio ohio ohio ohio ohio ohio ohio ohio ohio ohio ohio ohio ohio ohioohio ohio ohio ohio ohio ohio ohio ohio ohio ohio ohio ohio ohio ohio ohioohio ohio ohio ohio ohio ohio ohio ohio ohio ohio ohio ohio ohio ohio ohioohio ohio ohio ohio ohio ohio ohio ohio ohio ohio ohio ohio ohio ohio ohioohio ohio ohio ohio ohio ohio ohio ohio ohio ohio ohio ohio ohio ohio ohioohio ohio ohio ohio ohio ohio ohio ohio ohio ohio ohio ohio ohio ohio ohioohio ohio ohio ohio ohio ohio ohio ohio ohio ohio ohio ohio ohio ohio ohioohio ohio ohio ohio ohio ohio ohio ohio ohio ohio ohio ohio ohio ohio ohioohio ohio ohio ohio ohio ohio ohio ohio ohio ohio ohio ohio ohio ohio ohioohio ohio ohio ohio ohio ohio ohio ohio ohio ohio ohio ohio ohio ohio ohioohio ohio ohio ohio ohio ohio ohio ohio ohio ohio ohio ohio ohio ohio ohioohio ohio ohio ohio ohio ohio ohio ohio ohio ohio ohio ohio ohio ohio ohioohio ohio ohio ohio ohio ohio ohio ohio ohio ohio ohio ohio ohio ohio ohioohio ohio ohio ohio ohio ohio ohio ohio ohio ohio ohio ohio ohio ohio ohioohio ohio ohio ohio ohio ohio ohio ohio ohio ohio ohio ohio ohio ohio ohioohio ohio ohio ohio ohio ohio ohio ohio ohio ohio ohio ohio ohio ohio ohioohio ohio ohio ohio ohio ohio ohio ohio ohio ohio ohio ohio ohio ohio ohioohio ohio ohio ohio ohio ohio ohio ohio ohio ohio ohio ohio ohio ohio ohioohio ohio ohio ohio ohio ohio ohio ohio ohio ohio ohio ohio ohio ohio ohioohio ohio ohio ohio ohio ohio ohio ohio ohio ohio ohio ohio ohio ohio ohioohio ohio ohio ohio ohio ohio ohio ohio ohio ohio ohio ohio ohio ohio ohioohio ohio ohio ohio ohio ohio ohio ohio ohio ohio ohio ohio ohio ohio ohioohio ohio ohio ohio ohio ohio ohio ohio ohio ohio ohio ohio ohio ohio ohioohio ohio ohio ohio ohio ohio ohio ohio ohio ohio ohio ohio ohio ohio ohioohio ohio ohio ohio ohio ohio ohio ohio ohio ohio ohio ohio ohio ohio ohioohio ohio ohio ohio ohio ohio ohio ohio ohio ohio ohio ohio ohio ohio ohioohio ohio ohio ohio ohio ohio ohio ohio ohio ohio ohio ohio ohio ohio ohioohio ohio ohio ohio ohio ohio ohio ohio ohio ohio ohio ohio ohio ohio ohioohio ohio ohio ohio ohio ohio ohio ohio ohio ohio ohio ohio ohio ohio ohioohio ohio ohio ohio ohio ohio ohio ohio ohio ohio ohio ohio ohio ohio ohioohio ohio ohio ohio ohio ohio ohio ohio ohio ohio ohio ohio ohio ohio ohioohio ohio ohio ohio ohio ohio ohio ohio ohio ohio ohio ohio ohio ohio ohioohio ohio ohio ohio ohio ohio ohio ohio ohio ohio ohio ohio ohio ohio ohioohio ohio ohio ohio ohio ohio ohio ohio ohio ohio ohio ohio ohio ohio ohioohio ohio ohio ohio ohio ohio ohio ohio ohio ohio ohio ohio ohio ohio ohioohio ohio ohio ohio ohio ohio ohio ohio ohio ohio ohio ohio ohio ohio ohioohio ohio ohio ohio ohio ohio ohio ohio ohio ohio ohio ohio ohio ohio ohioohio ohio ohio ohio ohio ohio ohio ohio ohio ohio ohio ohio ohio ohio ohioohio ohio ohio ohio ohio ohio ohio ohio ohio ohio ohio ohio ohio ohio ohioohio ohio ohio ohio ohio ohio ohio ohio ohio ohio ohio ohio ohio ohio ohioohio ohio ohio ohio ohio ohio ohio ohio ohio ohio ohio ohio ohio ohio ohioohio ohio ohio ohio ohio ohio ohio ohio ohio ohio ohio ohio ohio ohio ohioohio ohio ohio ohio ohio ohio ohio ohio ohio ohio ohio ohio ohio ohio ohioohio ohio ohio ohio ohio ohio ohio ohio ohio ohio ohio ohio ohio ohio ohioohio ohio ohio ohio ohio ohio ohio ohio ohio ohio ohio ohio ohio ohio ohioohio ohio ohio ohio ohio ohio ohio ohio ohio ohio ohio ohio ohio ohio ohioohio ohio ohio ohio ohio ohio ohio ohio ohio ohio ohio ohio ohio ohio ohioohio ohio ohio ohio ohio ohio ohio ohio ohio ohio ohio ohio ohio ohio ohioohio ohio ohio ohio ohio ohio ohio ohio ohio ohio ohio ohio ohio ohio ohioohio ohio ohio ohio ohio ohio ohio ohio ohio ohio ohio ohio ohio ohio ohioohio ohio ohio ohio ohio ohio ohio ohio ohio ohio ohio ohio ohio ohio ohioohio ohio ohio ohio ohio ohio ohio ohio ohio ohio ohio ohio ohio ohio ohioohio ohio ohio ohio ohio ohio ohio ohio ohio ohio ohio ohio ohio ohio ohioohio ohio ohio ohio ohio ohio ohio ohio ohio ohio ohio ohio ohio ohio ohioohio ohio ohio ohio ohio ohio ohio ohio ohio ohio ohio ohio ohio ohio ohioohio ohio ohio ohio ohio ohio ohio ohio ohio ohio ohio ohio ohio ohio ohioohio ohio ohio ohio ohio ohio ohio ohio ohio ohio ohio ohio ohio ohio ohioohio ohio ohio ohio ohio ohio ohio ohio ohio ohio ohio ohio ohio ohio ohioohio ohio ohio ohio ohio ohio ohio ohio ohio ohio ohio ohio ohio ohio ohioohio ohio ohio ohio ohio ohio ohio ohio ohio ohio ohio ohio ohio ohio ohioohio ohio ohio ohio ohio ohio ohio ohio ohio ohio ohio ohio ohio ohio ohioohio ohio ohio ohio ohio ohio ohio ohio ohio ohio ohio ohio ohio ohio ohioohio ohio ohio ohio ohio ohio ohio ohio ohio ohio ohio ohio ohio ohio ohioohio ohio ohio ohio ohio ohio ohio ohio ohio ohio ohio ohio ohio ohio ohioohio ohio ohio ohio ohio ohio ohio ohio ohio ohio ohio ohio ohio ohio ohioohio ohio ohio ohio ohio ohio ohio ohio ohio ohio ohio ohio ohio ohio ohioohio ohio ohio ohio ohio ohio ohio ohio ohio ohio ohio ohio ohio ohio ohioohio ohio ohio ohio ohio ohio ohio ohio ohio ohio ohio ohio ohio ohio ohioohio ohio ohio ohio ohio ohio ohio ohio ohio ohio ohio ohio ohio ohio ohioohio ohio ohio ohio ohio ohio ohio ohio ohio ohio ohio ohio ohio ohio ohioohio ohio ohio ohio ohio ohio ohio ohio ohio ohio ohio ohio ohio ohio ohioohio ohio ohio ohio ohio ohio ohio ohio ohio ohio ohio ohio ohio ohio ohioohio ohio ohio ohio ohio ohio ohio ohio ohio ohio ohio ohio ohio ohio ohioohio ohio ohio ohio ohio ohio ohio ohio ohio ohio ohio ohio ohio ohio ohioohio ohio ohio ohio ohio ohio ohio ohio ohio ohio ohio ohio ohio ohio ohioohio ohio ohio ohio ohio ohio ohio ohio ohio ohio ohio ohio ohio ohio ohioohio ohio ohio ohio ohio ohio ohio ohio ohio ohio ohio ohio ohio ohio ohioohio ohio ohio ohio ohio ohio ohio ohio ohio ohio ohio ohio ohio ohio ohioohio ohio ohio ohio ohio ohio ohio ohio ohio ohio ohio ohio ohio ohio ohioohio ohio ohio ohio ohio ohio ohio ohio ohio ohio ohio ohio ohio ohio ohioohio ohio ohio ohio ohio ohio ohio ohio ohio ohio ohio ohio ohio ohio ohioohio ohio ohio ohio ohio ohio ohio ohio ohio ohio ohio ohio ohio ohio ohioohio ohio ohio ohio ohio ohio ohio ohio ohio ohio ohio ohio ohio ohio ohioohio ohio ohio ohio ohio ohio ohio ohio ohio ohio ohio ohio ohio ohio ohioohio ohio ohio ohio ohio ohio ohio ohio ohio ohio ohio ohio ohio ohio ohioohio ohio ohio ohio ohio ohio ohio ohio ohio ohio ohio ohio ohio ohio ohioohio ohio ohio ohio ohio ohio ohio ohio ohio ohio ohio ohio ohio ohio ohioohio ohio ohio ohio ohio ohio ohio ohio ohio ohio ohio ohio ohio ohio ohioohio ohio ohio ohio ohio ohio ohio ohio ohio ohio ohio ohio ohio ohio ohioohio ohio ohio ohio ohio ohio ohio ohio ohio ohio ohio ohio ohio ohio ohioohio ohio ohio ohio ohio ohio ohio ohio ohio ohio ohio ohio ohio ohio ohioohio ohio ohio ohio ohio ohio ohio ohio ohio ohio ohio ohio ohio ohio ohioohio ohio ohio ohio ohio ohio ohio ohio ohio ohio ohio ohio ohio ohio ohioohio ohio ohio ohio ohio ohio ohio ohio ohio ohio ohio ohio ohio ohio ohioohio ohio ohio ohio ohio ohio ohio ohio ohio ohio ohio ohio ohio ohio ohioohio ohio ohio ohio ohio ohio ohio ohio ohio ohio ohio ohio ohio ohio ohioohio ohio ohio ohio ohio ohio ohio ohio ohio ohio ohio ohio ohio ohio ohioohio ohio ohio ohio ohio ohio ohio ohio ohio ohio ohio ohio ohio ohio ohioohio ohio ohio ohio ohio ohio ohio ohio ohio ohio ohio ohio ohio ohio ohioohio ohio ohio ohio ohio ohio ohio ohio ohio ohio ohio ohio ohio ohio ohioohio ohio ohio ohio ohio ohio ohio ohio ohio ohio ohio ohio ohio ohio ohioohio ohio ohio ohio ohio ohio ohio ohio ohio ohio ohio ohio ohio ohio ohioohio ohio ohio ohio ohio ohio ohio ohio ohio ohio ohio ohio ohio ohio ohioohio ohio ohio ohio ohio ohio ohio ohio ohio ohio ohio ohio ohio ohio ohioohio ohio ohio ohio ohio ohio ohio ohio ohio ohio ohio ohio ohio ohio ohioohio ohio ohio ohio ohio ohio ohio ohio ohio ohio ohio ohio ohio ohio ohioohio ohio ohio ohio ohio ohio ohio ohio ohio ohio ohio ohio ohio ohio ohioohio ohio ohio ohio ohio ohio ohio ohio ohio ohio ohio ohio ohio ohio ohioohio ohio ohio ohio ohio ohio ohio ohio ohio ohio ohio ohio ohio ohio ohioohio ohio ohio ohio ohio ohio ohio ohio ohio ohio ohio ohio ohio ohio ohioohio ohio ohio ohio ohio ohio ohio ohio ohio ohio ohio ohio ohio ohio ohioohio ohio ohio ohio ohio ohio ohio ohio ohio ohio ohio ohio ohio ohio ohioohio ohio ohio ohio ohio ohio ohio ohio ohio ohio ohio ohio ohio ohio ohioohio ohio ohio ohio ohio ohio ohio ohio ohio ohio ohio ohio ohio ohio ohioohio ohio ohio ohio ohio ohio ohio ohio ohio ohio ohio ohio ohio ohio ohioohio ohio ohio ohio ohio ohio ohio ohio ohio ohio ohio ohio ohio ohio ohioohio ohio ohio ohio ohio ohio ohio ohio ohio ohio ohio ohio ohio ohio ohioohio ohio ohio ohio ohio ohio ohio ohio ohio ohio ohio ohio ohio ohio ohioohio ohio ohio ohio ohio ohio,not body shaming
ok c est nota ,not body shaming
qu est ce que la rage la rage est une maladie virale constamment mo elle qui touche les mammifa res notamment les chiens les chats les renards et leschauves souris elle peut se transmettre a l homme ,not body shaming
ta un crayon de bois,not body shaming
ok ok,not body shaming
bonjour mme desmettre excusez moi de vous da ranger vous avez dit a la fin dudevoir que vous avez marqua pour demain qua il y aurai une a valuation sur lescompa tences compa tence a traduire mais cette a valuation on la da ja faite cordialement louis bouve,not body shaming
enfin brf je pense je vais te laisser je te souhaite courage avec la meuf queta as en vue enfin voila ,not body shaming
que tu ma dit,not body shaming
il ma ont rendu mom tel tout pete,not body shaming
je dois faire quoi apra s ,not body shaming
 ,not body shaming
bonjour madame da sola e de vous da ranger mais ja aimerai savoir si ca est possible que je fassema journa e de secourisme le mercredi octobre a la place du lundi sa il vous plaa t car je serai toute seule je na aurai pas de copines pendant cette journa e et cela permettra aux personnes prioritaires da avoir uneplace pour le lundi octobre cordialement ugille sola ne,not body shaming
ihssane elle racontait des histoires comme quoi je crushais sur son cousinmais c pas vrai et vu que elle me parle pas je lui ai envoya oklm tkt je crushpas sur ton cousin et c pa it en embrouille,not body shaming
ohio ohio ohio ohio ohio ohio ohio ohio ohio ohio ohio ohio ohio ohio ohioohio ohio ohio ohio,not body shaming
car quand je lui ai demanda elle ma a dit oe oe on verra donc juste comme saelle veut savoir vers quelle heure voila bisous,not body shaming
ta quoi,not body shaming
pas grave,not body shaming
dsl ja ai du rentrer donc si tu ma a pas vu ca est normal,not body shaming
nois appeller ok,not body shaming
tu viens demain en cours,not body shaming
quelle vida o,not body shaming
ok ett tu fais quoi,not body shaming
ohio ohio ohio ohio ohio ohio ohio ohio ohio ohio ohio ohio ohio ohio ohioohio ohio ohio ohio ohio ohio ohio ohio ohio ohio ohio ohio ohio ohio ohioohio ohio ohio ohio ohio ohio ohio ohio ohio ohio ohio ohio ohio ohio ohioohio ohio ohio ohio ohio ohio ohio ohio ohio ohio ohio ohio ohio ohio ohioohio ohio ohio ohio ohio ohio ohio ohio ohio ohio ohio ohio ohio ohio ohioohio ohio ohio ohio ohio ohio ohio ohio ohio ohio ohio ohio ohio ohio ohioohio ohio ohio ohio ohio ohio ohio ohio ohio ohio ohio ohio ohio ohio ohioohio ohio ohio ohio ohio ohio ohio ohio ohio ohio ohio ohio ohio ohio ohioohio ohio ohio ohio ohio ohio ohio ohio ohio ohio ohio ohio ohio ohio ohioohio ohio ohio ohio ohio ohio ohio ohio ohio ohio ohio ohio ohio ohio ohioohio ohio ohio ohio ohio ohio ohio ohio ohio ohio ohio ohio ohio ohio ohioohio ohio ohio ohio ohio ohio ohio ohio ohio ohio ohio ohio ohio ohio ohioohio ohio ohio ohio ohio ohio ohio ohio ohio ohio ohio ohio ohio ohio ohioohio ohio ohio ohio ohio ohio ohio ohio ohio ohio ohio ohio ohio ohio ohioohio ohio ohio ohio ohio ohio ohio ohio ohio ohio ohio ohio ohio ohio ohioohio ohio ohio,not body shaming
 ,not body shaming
la pra histoire cette pa riode fascinante qui pra ca de l ava nement del a criture est le ra cit de l humanita a l aube de son histoire c est unea poque qui s a tend sur des millions d anna es depuis l a mergence des premiershominida s jusqu a l invention de l a criture marquant ainsi le passage del histoire naturelle a l histoire culturelle de l humanita la pra histoire da bute avec les premiers hominida s tels que l australopitha queet l homo habilis qui ont a volua en afrique il y a des millions d anna es cesanca tres lointains de l homme moderne a taient des chasseurs cueilleursnomades da pendant de la nature pour leur subsistance ils ont utilisa desoutils rudimentaires en pierre pour se da fendre et chasser ta moignant ainside leurs premia res innovations techniques l une des avanca es les plus significatives de la pra histoire a a ta la maa trisedu feu nos anca tres ont appris a contra ler cette source de chaleur et delumia re ce qui a eu un impact profond sur leur mode de vie le feu a nonseulement offe une protection contre les pra dateurs et les a la ments mais aa galement permis la cuisson des aliments rendant ces derniers plus digesteset nutritifs l a volution des hominida s a finalement abouti a l apparition de l homosapiens l homme moderne les premiers repra sentants de notre espa ce vivaienta galement en tant que chasseurs cueilleurs mais ils se sont distingua s parleur capacita a communiquer et a cra er des outils plus avanca s notamment desarmes plus efficaces et des a uvres d a l une des ra alisations les plus embla matiques de la pra histoire est l a rupestre que l on trouve dans des grottes du monde entier les peintures etles gravures sur les parois des grottes nous offrent un apera u de la vie et dela spiritualita de nos anca tres ces a uvres d a ta moignent de la cra ativita et de la vision a istique des premiers humains la fin de la pra histoire est marqua e par la transition vers l agriculture unera volution qui a radicalement transforma la socia ta humaine les premia rescommunauta s agricoles ont a merga remplaa ant progressivement le mode de vienomade des chasseurs cueilleurs par une sa dentarisation autour des cultures etde l a levage cette transition a conduit a la naissance de la civilisationavec l apparition des premia res villes de l a criture et des structurespolitiques plus complexes la pra histoire est une a poque mysta rieuse mais elle est a galement essentiellepour comprendre l a volution de l humanita elle nous rappelle nos racines notre lien profond avec la nature et la persa va rance de nos anca tres poursurvivre et prospa rer en a tudiant la pra histoire nous da couvrons lesfondations de notre histoire commune et les racines de la cra ativita del inga niosita et de l innovation qui caracta risent l humanita ,not body shaming
que fais tu de beau,not body shaming
ma coupine je suis en retard je vient pour ,not body shaming
